{"cameraMode":{"drawMode":0,"name":"Shaded","section":"Shading Mode"},"sceneLighting":true,"audioPlay":false,"sceneViewState":{"m_AlwaysRefresh":false,"showFog":true,"showSkybox":true,"showFlares":true,"showImageEffects":true,"showParticleSystems":true,"showVisualEffectGraphs":true,"m_FxEnabled":true},"in2DMode":false,"pivot":{"x":6.334558010101318,"y":-11.508867263793946,"z":3.280673027038574},"rotation":{"x":0.2890572249889374,"y":0.13724695146083833,"z":-0.04191368818283081,"w":0.9465048909187317},"size":14.276871681213379,"orthographic":false}